﻿<?xml version="1.0" encoding="UTF-8" standalone="yes"?>
<Manifest>
  <identifier>SW-Lightsabers</identifier>
  <version>1.21.0.0</version>
  <dependencies>
    <li>JecsTools</li>
  </dependencies>
  <incompatibleWith />
  <loadBefore />
  <loadAfter>
    <li>HugsLib</li>
    <li>JecsTools</li>
  </loadAfter>
  <manifestUri>https://raw.githubusercontent.com/jecrell/Star-Wars---Fully-Functional-Lightsabers/master/About/Manifest.xml</manifestUri>
  <downloadUri>https://github.com/jecrell/Star-Wars---Fully-Functional-Lightsabers/releases</downloadUri>
</Manifest>