﻿<?xml version="1.0" encoding="utf-8"?>
<Defs>
  <DamageDef>
    <defName>PJ_Saber</defName>
    <label>saber</label>
    <workerClass>DamageWorker_Cut</workerClass>
    <externalViolence>true</externalViolence>
    <armorCategory>PJ_Lightsaber_Heat</armorCategory>
    <makesBlood>false</makesBlood>
    <deathMessage>{0} has been cut to death.</deathMessage>
    <hediff>PJ_LightsaberEnergy</hediff>
    <hediffSkin>PJ_LightsaberEnergy</hediffSkin>
    <hediffSolid>PJ_LightsaberEnergy</hediffSolid>
    <impactSoundType>Slice</impactSoundType>
    <cutExtraTargetsCurve>
      <points>
        <li>0, 0</li>
        <li>0.6, 1</li>
        <li>0.9, 2</li>
        <li>1, 3</li>
      </points>
    </cutExtraTargetsCurve>
    <cutCleaveBonus>1.4</cutCleaveBonus>
  </DamageDef>
  <HediffDef>
    <defName>PJ_LightsaberEnergy</defName>
    <label>energy burn</label>
    <description>a severe burn from an energy-based weapon</description>
    <hediffClass>Hediff_Injury</hediffClass>
    <tendable>true</tendable>
    <displayWound>true</displayWound>
    <comps>
      <li Class="HediffCompProperties_TendDuration">
        <labelTendedWell>bandaged</labelTendedWell>
        <labelTendedWellInner>treated</labelTendedWellInner>
        <labelSolidTendedWell>medicated</labelSolidTendedWell>
      </li>
      <li Class="HediffCompProperties_Infecter">
        <infectionChance>0.05</infectionChance>
      </li>
      <li Class="HediffCompProperties_GetsPermanent">
        <permanentLabel>energy burn scar</permanentLabel>
      </li>
    </comps>
    <injuryProps>
      <painPerSeverity>0.01875</painPerSeverity>
      <averagePainPerSeverityPermanent>0.00625</averagePainPerSeverityPermanent>
      <canMerge>true</canMerge>
      <bleedRate>0.01</bleedRate>
      <destroyedLabel>Sliced off</destroyedLabel>
      <destroyedOutLabel>sliced out</destroyedOutLabel>
    </injuryProps>
  </HediffDef>
  <!-- ====== Barab Crystal Damage ====== -->
  <DamageDef>
    <defName>PJ_BarabDam</defName>
    <label>Saber radburn</label>
    <workerClass>DamageWorker_Cut</workerClass>
    <externalViolence>true</externalViolence>
    <armorCategory>PJ_Lightsaber_Heat</armorCategory>
    <makesBlood>true</makesBlood>
    <deathMessage>{0} died from lightsaber wounds.</deathMessage>
    <hediff>PJ_BarabRads</hediff>
    <hediffSkin>PJ_BarabRads</hediffSkin>
    <hediffSolid>PJ_BarabRads</hediffSolid>
    <impactSoundType>Slice</impactSoundType>
    <cutExtraTargetsCurve>
      <points>
        <li>0, 0</li>
        <li>0.6, 1</li>
        <li>0.9, 2</li>
        <li>1, 3</li>
      </points>
    </cutExtraTargetsCurve>
    <cutCleaveBonus>1.4</cutCleaveBonus>
  </DamageDef>
  <HediffDef>
    <defName>PJ_BarabRads</defName>
    <label>barab burn</label>
    <hediffClass>Hediff_Injury</hediffClass>
    <description>radiation burns from a Barab enhanced lightsaber</description>
    <tendable>true</tendable>
    <displayWound>true</displayWound>
    <comps>
      <li Class="HediffCompProperties_TendDuration">
        <labelTendedWell>bandaged</labelTendedWell>
        <labelTendedWellInner>treated</labelTendedWellInner>
        <labelSolidTendedWell>tended</labelSolidTendedWell>
      </li>
      <li Class="HediffCompProperties_Infecter">
        <infectionChance>0.05</infectionChance>
      </li>
      <li Class="HediffCompProperties_GetsPermanent">
        <permanentLabel>barab radiation scar</permanentLabel>
      </li>
    </comps>
    <injuryProps>
      <painPerSeverity>0.02375</painPerSeverity>
      <averagePainPerSeverityPermanent>0.00625</averagePainPerSeverityPermanent>
      <canMerge>true</canMerge>
      <bleedRate>0.02</bleedRate>
      <destroyedLabel>Burned off</destroyedLabel>
      <destroyedOutLabel>burned out</destroyedOutLabel>
    </injuryProps>
  </HediffDef>
  <!-- ====== Firkrann Crystal Damage ====== -->
  <DamageDef>
    <defName>PJ_FirkDam</defName>
    <label>Shock burn</label>
    <workerClass>DamageWorker_Cut</workerClass>
    <externalViolence>true</externalViolence>
    <armorCategory>PJ_Lightsaber_Heat</armorCategory>
    <makesBlood>true</makesBlood>
    <deathMessage>{0} died from charged lightsaber wounds.</deathMessage>
    <hediff>PJ_FirkZap</hediff>
    <hediffSkin>PJ_FirkZap</hediffSkin>
    <hediffSolid>PJ_FirkZap</hediffSolid>
    <impactSoundType>Slice</impactSoundType>
    <cutExtraTargetsCurve>
      <points>
        <li>0, 0</li>
        <li>0.6, 1</li>
        <li>0.9, 2</li>
        <li>1, 3</li>
      </points>
    </cutExtraTargetsCurve>
    <cutCleaveBonus>1.4</cutCleaveBonus>
  </DamageDef>
  <HediffDef>
    <defName>PJ_FirkZap</defName>
    <label>firkrann shock burn</label>
    <hediffClass>Hediff_Injury</hediffClass>
    <description>electrical burns from firkrann energy</description>
    <tendable>true</tendable>
    <displayWound>true</displayWound>
    <comps>
      <li Class="HediffCompProperties_TendDuration">
        <labelTendedWell>bandaged</labelTendedWell>
        <labelTendedWellInner>treated</labelTendedWellInner>
        <labelSolidTendedWell>tended</labelSolidTendedWell>
      </li>
      <li Class="HediffCompProperties_Infecter">
        <infectionChance>0.05</infectionChance>
      </li>
      <li Class="HediffCompProperties_GetsPermanent">
        <permanentLabel>firkrann shock scar</permanentLabel>
      </li>
    </comps>
    <injuryProps>
      <painPerSeverity>0.02375</painPerSeverity>
      <averagePainPerSeverityPermanent>0.00325</averagePainPerSeverityPermanent>
      <canMerge>true</canMerge>
      <bleedRate>0.01</bleedRate>
      <destroyedLabel>Burned off</destroyedLabel>
      <destroyedOutLabel>burned out</destroyedOutLabel>
    </injuryProps>
  </HediffDef>
  <!-- ====== Sonic Damage (Dragite) ====== -->
  <DamageDef>
    <defName>PJ_SonicDam</defName>
    <label>Sonic damage</label>
    <workerClass>DamageWorker_Cut</workerClass>
    <externalViolence>true</externalViolence>
    <armorCategory>Blunt</armorCategory>
    <makesBlood>true</makesBlood>
    <deathMessage>{0} has died from sonic fractures.</deathMessage>
    <hediff>PJ_SonicBoom</hediff>
    <hediffSkin>PJ_SonicBoom</hediffSkin>
    <hediffSolid>PJ_SonicBoom</hediffSolid>
    <impactSoundType>Slice</impactSoundType>
    <cutExtraTargetsCurve>
      <points>
        <li>0, 0</li>
        <li>0.6, 1</li>
        <li>0.9, 2</li>
        <li>1, 3</li>
      </points>
    </cutExtraTargetsCurve>
    <cutCleaveBonus>1.4</cutCleaveBonus>
  </DamageDef>
  <HediffDef>
    <defName>PJ_SonicBoom</defName>
    <label>sonic fracture</label>
    <hediffClass>Hediff_Injury</hediffClass>
    <description>SONIC-BOOOOOM!!!</description>
    <tendable>true</tendable>
    <displayWound>true</displayWound>
    <comps>
      <li Class="HediffCompProperties_TendDuration">
        <labelTendedWell>bandaged</labelTendedWell>
        <labelTendedWellInner>treated</labelTendedWellInner>
        <labelSolidTendedWell>tended</labelSolidTendedWell>
      </li>
      <li Class="HediffCompProperties_Infecter">
        <infectionChance>0.03</infectionChance>
      </li>
      <li Class="HediffCompProperties_GetsPermanent">
        <permanentLabel>sonic microfracture</permanentLabel>
      </li>
    </comps>
    <injuryProps>
      <painPerSeverity>0.02475</painPerSeverity>
      <averagePainPerSeverityPermanent>0.00345</averagePainPerSeverityPermanent>
      <canMerge>true</canMerge>
      <bleedRate>0.035</bleedRate>
      <destroyedLabel>obliterated</destroyedLabel>
      <destroyedOutLabel>vaporized</destroyedOutLabel>
    </injuryProps>
  </HediffDef>
  <DamageDef>
    <defName>PJ_PontiteDam</defName>
    <label>Saber frost</label>
    <workerClass>DamageWorker_Cut</workerClass>
    <externalViolence>true</externalViolence>
    <armorCategory>PJ_Lightsaber_Heat</armorCategory>
    <harmAllLayersUntilOutside>true</harmAllLayersUntilOutside>
    <deathMessage>{0} died from freezing lightsaber wounds.</deathMessage>
    <hediff>Frostbite</hediff>
    <hediffSkin>Frostbite</hediffSkin>
    <hediffSolid>Frostbite</hediffSolid>
    <impactSoundType>Slice</impactSoundType>
    <cutExtraTargetsCurve>
      <points>
        <li>0, 0</li>
        <li>0.6, 1</li>
        <li>0.9, 2</li>
        <li>1, 3</li>
      </points>
    </cutExtraTargetsCurve>
    <cutCleaveBonus>1.4</cutCleaveBonus>
  </DamageDef>
</Defs>