<?xml version="1.0" encoding="utf-8"?>

<Defs>

  <SoundDef>
    <defName>PJ_LightsaberActivate</defName>  
    <context>MapOnly</context>
    <eventNames />  
    <maxSimultaneous>4</maxSimultaneous>  
    <subSounds>
      <li>
        <grains>
          <li Class="AudioGrain_Folder">
            <clipFolderPath>lightsaber/activate</clipFolderPath>
          </li> 
        </grains>      
        <volumeRange>
          <min>30.51151</min>        
          <max>42.93479</max>
        </volumeRange>      
        <pitchRange>
			<min>0.9152174</min>
			<max>1.042391</max>
        </pitchRange>
      </li>
    </subSounds>
  </SoundDef>
  

  <SoundDef>
    <defName>PJ_LightsaberHum</defName>  
    <sustain>True</sustain>  	
    <context>MapOnly</context>
    <eventNames />  
    <priorityMode>PrioritizeNearest</priorityMode>  	
    <maxSimultaneous>4</maxSimultaneous>  
    <subSounds>
      <li>
        <grains>
          <li Class="AudioGrain_Folder">
            <clipFolderPath>lightsaber/humLoop</clipFolderPath>
          </li>
        </grains>      
        <volumeRange>
          <min>30.51151</min>        
          <max>42.93479</max>
        </volumeRange>      
        <pitchRange>
			<min>0.9152174</min>
			<max>1.042391</max>
        </pitchRange>
        <distRange>
          <min>10</min>        
          <max>34</max>
        </distRange>  		
      </li>
    </subSounds>
  </SoundDef>  
  
  <SoundDef>
    <defName>PJ_LightsaberDeactivate</defName>  
    <context>MapOnly</context>
    <eventNames />  
    <maxSimultaneous>4</maxSimultaneous>  
    <subSounds>
      <li>
        <grains>
          <li Class="AudioGrain_Folder">
            <clipFolderPath>lightsaber/deactivate</clipFolderPath>
          </li>
        </grains>      
        <volumeRange>
          <min>30.51151</min>        
          <max>42.93479</max>
        </volumeRange>      
        <pitchRange>
			<min>0.9152174</min>
			<max>1.042391</max>
        </pitchRange>
      </li>
    </subSounds>
  </SoundDef>


  <SoundDef>
    <defName>PJ_LightsaberDeflect</defName>  
    <context>MapOnly</context>
    <eventNames />  
    <maxSimultaneous>4</maxSimultaneous>  
    <subSounds>
      <li>
        <grains>
          <li Class="AudioGrain_Folder">
            <clipFolderPath>lightsaber/deflect</clipFolderPath>
          </li>
        </grains>      
        <volumeRange>
          <min>30.51151</min>        
          <max>42.93479</max>
        </volumeRange>      
        <pitchRange>
		<min>0.9152174</min>
		<max>1.092391</max>
        </pitchRange>
      </li>
    </subSounds>
  </SoundDef>
  
  
  <SoundDef>
    <defName>PJ_LightsaberFleshHit</defName>  
    <context>MapOnly</context>
    <eventNames />  
    <maxSimultaneous>4</maxSimultaneous>  
    <subSounds>
      <li>
        <grains>
          <li Class="AudioGrain_Folder">
            <clipFolderPath>lightsaber/fleshhit</clipFolderPath>
          </li>
        </grains>      
        <volumeRange>
          <min>30.51151</min>        
          <max>42.93479</max>
        </volumeRange>      
        <pitchRange>
			<min>0.9152174</min>
			<max>1.042391</max>
        </pitchRange>
      </li>
    </subSounds>
  </SoundDef>    
  
  <SoundDef>
    <defName>PJ_LightsaberBlock</defName>  
    <context>MapOnly</context>
    <eventNames />  
    <maxSimultaneous>4</maxSimultaneous>  
    <subSounds>
      <li>
        <grains>
          <li Class="AudioGrain_Folder">
            <clipFolderPath>lightsaber/saberblock</clipFolderPath>
          </li>
        </grains>      
        <volumeRange>
          <min>30.51151</min>        
          <max>42.93479</max>
        </volumeRange>      
        <pitchRange>
			<min>0.9152174</min>
			<max>1.046391</max>
        </pitchRange>
      </li>
    </subSounds>
  </SoundDef>    
  
  <SoundDef>
    <defName>PJ_LightsaberHit</defName>  
    <context>MapOnly</context>
    <eventNames />  
    <maxSimultaneous>4</maxSimultaneous>  
    <subSounds>
      <li>
        <grains>
          <li Class="AudioGrain_Folder">
            <clipFolderPath>lightsaber/saberhit</clipFolderPath>
          </li>
        </grains>      
        <volumeRange>
          <min>30.51151</min>        
          <max>42.93479</max>
        </volumeRange>      
        <pitchRange>
			<min>0.9152174</min>
			<max>1.042391</max>
        </pitchRange>
      </li>
    </subSounds>
  </SoundDef>  
  
  <SoundDef>
    <defName>PJ_LightsaberSwing</defName>  
    <context>MapOnly</context>
    <eventNames />  
    <maxSimultaneous>4</maxSimultaneous>  
    <subSounds>
      <li>
        <grains>
          <li Class="AudioGrain_Folder">
            <clipFolderPath>lightsaber/swing</clipFolderPath>
          </li>
        </grains>      
        <volumeRange>
          <min>30.51151</min>        
          <max>42.93479</max>
        </volumeRange>      
        <pitchRange>
			<min>0.9152174</min>
			<max>1.042391</max>
        </pitchRange>
      </li>
    </subSounds>
  </SoundDef>  
  
  
  <!-- ====== KyloSaberSounds ====== -->
  
    <SoundDef>
    <defName>PJ_KyloActivate</defName>  
    <context>MapOnly</context>
    <eventNames />  
    <maxSimultaneous>4</maxSimultaneous>  
    <subSounds>
      <li>
        <grains>
          <li Class="AudioGrain_Folder">
            <clipFolderPath>rensaber/activate</clipFolderPath>
          </li>
        </grains>      
        <volumeRange>
          <min>30.51151</min>        
          <max>42.93479</max>
        </volumeRange>      
        <pitchRange>
			<min>0.9152174</min>
			<max>1.042391</max>
        </pitchRange>
      </li>
    </subSounds>
  </SoundDef>
  
  
  <SoundDef>
    <defName>PJ_KyloHum</defName>  
    <sustain>True</sustain>  	
    <context>MapOnly</context>
    <eventNames />  
    <priorityMode>PrioritizeNearest</priorityMode>  	
    <maxSimultaneous>4</maxSimultaneous>  
    <subSounds>
      <li>
        <grains>
          <li Class="AudioGrain_Folder">
            <clipFolderPath>rensaber/humLoop</clipFolderPath>
          </li>
        </grains>      
        <volumeRange>
          <min>30.51151</min>        
          <max>42.93479</max>
        </volumeRange>      
        <pitchRange>
			<min>0.9152174</min>
			<max>1.042391</max>
        </pitchRange>
        <distRange>
          <min>10</min>        
          <max>34</max>
        </distRange>  		
      </li>
    </subSounds>
  </SoundDef>  
  
  <SoundDef>
    <defName>PJ_KyloDeactivate</defName>  
    <context>MapOnly</context>
    <eventNames />  
    <maxSimultaneous>4</maxSimultaneous>  
    <subSounds>
      <li>
        <grains>
          <li Class="AudioGrain_Folder">
            <clipFolderPath>rensaber/poweroff</clipFolderPath>
          </li>
        </grains>      
        <volumeRange>
          <min>30.51151</min>        
          <max>42.93479</max>
        </volumeRange>      
        <pitchRange>
			<min>0.9152174</min>
			<max>1.042391</max>
        </pitchRange>
      </li>
    </subSounds>
  </SoundDef>
  
    <SoundDef>
    <defName>PJ_KyloSwing</defName>  
    <context>MapOnly</context>
    <eventNames />  
    <maxSimultaneous>4</maxSimultaneous>  
    <subSounds>
      <li>
        <grains>
          <li Class="AudioGrain_Folder">
            <clipFolderPath>rensaber/swing</clipFolderPath>
          </li>
        </grains>      
        <volumeRange>
          <min>30.51151</min>        
          <max>32.93479</max>
        </volumeRange>      
        <pitchRange>
			<min>0.9152174</min>
			<max>1.042391</max>
        </pitchRange>
      </li>
    </subSounds>
  </SoundDef>
  
    <SoundDef>
    <defName>PJ_KyloHit</defName>  
    <context>MapOnly</context>
    <eventNames />  
    <maxSimultaneous>4</maxSimultaneous>  
    <subSounds>
      <li>
        <grains>
          <li Class="AudioGrain_Folder">
            <clipFolderPath>rensaber/saberhit</clipFolderPath>
          </li>
        </grains>      
        <volumeRange>
          <min>30.51151</min>        
          <max>42.93479</max>
        </volumeRange>      
        <pitchRange>
			<min>0.9152174</min>
			<max>1.042391</max>
        </pitchRange>
      </li>
    </subSounds>
  </SoundDef>  
  
    <SoundDef>
    <defName>PJ_KyloDeflect</defName>  
    <context>MapOnly</context>
    <eventNames />  
    <maxSimultaneous>4</maxSimultaneous>  
    <subSounds>
      <li>
        <grains>
          <li Class="AudioGrain_Folder">
            <clipFolderPath>rensaber/deflect</clipFolderPath>
          </li>
        </grains>      
        <volumeRange>
          <min>30.51151</min>        
          <max>42.93479</max>
        </volumeRange>      
        <pitchRange>
		<min>0.9152174</min>
		<max>1.092391</max>
        </pitchRange>
      </li>
    </subSounds>
  </SoundDef>
  
  
    <SoundDef>
    <defName>PJ_KyloFleshHit</defName>  
    <context>MapOnly</context>
    <eventNames />  
    <maxSimultaneous>4</maxSimultaneous>  
    <subSounds>
      <li>
        <grains>
          <li Class="AudioGrain_Folder">
            <clipFolderPath>lightsaber/fleshhit</clipFolderPath>
          </li>
        </grains>      
        <volumeRange>
          <min>30.51151</min>        
          <max>42.93479</max>
        </volumeRange>      
        <pitchRange>
			<min>0.7152174</min>
			<max>0.902391</max>
        </pitchRange>
      </li>
    </subSounds>
  </SoundDef>    

  
</Defs>